{
  "dataset": "scifact",
  "nodes": 10000,
  "seed": 20235956,
  "k_query": 50,
  "meta_anchors": 1,
  "random_routing": true,
  "local_topk": 30,
  "use_pq": true,
  "n_query": 100,
  "reachable_hit5": 37.0,
  "returned_hit5": 37.0,
  "final_hit5": 37.0,
  "reachable_recall5": 9.799999999999999,
  "returned_recall5": 9.799999999999999,
  "recall5": 9.799999999999999,
  "recall10": 10.399999999999988,
  "mean_unique_candidates": 421.56,
  "mean_nodes_touched": 250.0,
  "pct_network_touched": 2.5,
  "metadata_total": 25894,
  "metadata_mean_per_node": 2.5894,
  "metadata_gini": 0.9054185062176566
}