{
  "dataset": "code",
  "nodes": 10000,
  "seed": 20235956,
  "k_query": 20,
  "meta_anchors": 150,
  "random_routing": true,
  "local_topk": 30,
  "use_pq": true,
  "n_query": 100,
  "reachable_hit5": 100.0,
  "returned_hit5": 100.0,
  "final_hit5": 100.0,
  "reachable_recall5": 100.0,
  "returned_recall5": 100.0,
  "recall5": 87.59999999999991,
  "recall10": 87.70000000000003,
  "mean_unique_candidates": 833.84,
  "mean_nodes_touched": 100.0,
  "pct_network_touched": 1.0,
  "metadata_total": 14772943,
  "metadata_mean_per_node": 1477.2943,
  "metadata_gini": 0.35615705138102816
}