{
  "dataset": "scifact",
  "nodes": 10000,
  "seed": 20235956,
  "k_query": 100,
  "meta_anchors": 1,
  "random_routing": false,
  "local_topk": 30,
  "use_pq": true,
  "n_query": 100,
  "reachable_hit5": 98.0,
  "returned_hit5": 98.0,
  "final_hit5": 98.0,
  "reachable_recall5": 78.39999999999993,
  "returned_recall5": 78.39999999999993,
  "recall5": 73.59999999999995,
  "recall10": 71.39999999999999,
  "mean_unique_candidates": 1575.28,
  "mean_nodes_touched": 491.2,
  "pct_network_touched": 4.912,
  "metadata_total": 25894,
  "metadata_mean_per_node": 2.5894,
  "metadata_gini": 0.9054185062176566
}