{
  "dataset": "code",
  "nodes": 10000,
  "seed": 20235956,
  "k_query": 20,
  "meta_anchors": 1,
  "random_routing": false,
  "multi_probe": 3,
  "local_topk": 30,
  "use_pq": true,
  "n_query": 100,
  "reachable_hit5": 97.0,
  "returned_hit5": 97.0,
  "final_hit5": 97.0,
  "reachable_recall5": 65.79999999999993,
  "returned_recall5": 65.79999999999993,
  "recall5": 62.19999999999995,
  "recall10": 61.4,
  "mean_unique_candidates": 2148.04,
  "mean_nodes_touched": 211.7,
  "pct_network_touched": 2.117,
  "metadata_total": 99985,
  "metadata_mean_per_node": 9.9985,
  "metadata_gini": 0.7815566284942741
}