{
  "dataset": "code",
  "nodes": 10000,
  "seed": 20235956,
  "k_query": 20,
  "meta_anchors": 1,
  "random_routing": true,
  "local_topk": 30,
  "use_pq": true,
  "n_query": 100,
  "reachable_hit5": 17.0,
  "returned_hit5": 17.0,
  "final_hit5": 17.0,
  "reachable_recall5": 3.6000000000000005,
  "returned_recall5": 3.6000000000000005,
  "recall5": 3.6000000000000005,
  "recall10": 5.399999999999997,
  "mean_unique_candidates": 618.12,
  "mean_nodes_touched": 100.0,
  "pct_network_touched": 1.0,
  "metadata_total": 99985,
  "metadata_mean_per_node": 9.9985,
  "metadata_gini": 0.7815566284942741
}