{
  "dataset": "scifact",
  "nodes": 10000,
  "seed": 20235956,
  "k_query": 20,
  "meta_anchors": 1,
  "random_routing": true,
  "local_topk": 30,
  "use_pq": true,
  "n_query": 100,
  "reachable_hit5": 22.0,
  "returned_hit5": 22.0,
  "final_hit5": 22.0,
  "reachable_recall5": 5.400000000000002,
  "returned_recall5": 5.400000000000002,
  "recall5": 5.400000000000002,
  "recall10": 5.499999999999999,
  "mean_unique_candidates": 173.6,
  "mean_nodes_touched": 100.0,
  "pct_network_touched": 1.0,
  "metadata_total": 25894,
  "metadata_mean_per_node": 2.5894,
  "metadata_gini": 0.9054185062176566
}