{
  "dataset": "code",
  "nodes": 10000,
  "seed": 20235956,
  "k_query": 20,
  "meta_anchors": 1,
  "random_routing": false,
  "multi_probe": 1,
  "local_topk": 30,
  "use_pq": true,
  "n_query": 50,
  "reachable_hit5": 90.0,
  "returned_hit5": 90.0,
  "final_hit5": 90.0,
  "reachable_recall5": 42.399999999999984,
  "returned_recall5": 42.399999999999984,
  "recall5": 42.399999999999984,
  "recall10": 41.20000000000001,
  "mean_unique_candidates": 1115.96,
  "mean_nodes_touched": 99.9,
  "pct_network_touched": 0.999,
  "metadata_total": 99985,
  "metadata_mean_per_node": 9.9985,
  "metadata_gini": 0.7815566284942741
}