{
  "dataset": "code",
  "nodes": 10000,
  "seed": 20235956,
  "k_query": 40,
  "meta_anchors": 1,
  "random_routing": false,
  "multi_probe": 1,
  "local_topk": 30,
  "use_pq": true,
  "n_query": 100,
  "reachable_hit5": 96.0,
  "returned_hit5": 96.0,
  "final_hit5": 96.0,
  "reachable_recall5": 50.599999999999994,
  "returned_recall5": 50.599999999999994,
  "recall5": 49.39999999999999,
  "recall10": 48.3,
  "mean_unique_candidates": 1760.23,
  "mean_nodes_touched": 198.84,
  "pct_network_touched": 1.9884,
  "metadata_total": 99985,
  "metadata_mean_per_node": 9.9985,
  "metadata_gini": 0.7815566284942741
}