{
  "dataset": "code",
  "nodes": 10000,
  "seed": 20235956,
  "k_query": 50,
  "meta_anchors": 5,
  "local_topk": 30,
  "use_pq": true,
  "n_query": 100,
  "reachable_hit5": 98.0,
  "returned_hit5": 98.0,
  "final_hit5": 98.0,
  "reachable_recall5": 54.599999999999994,
  "returned_recall5": 54.599999999999994,
  "recall5": 53.39999999999999,
  "recall10": 51.70000000000001,
  "mean_unique_candidates": 1332.77,
  "mean_nodes_touched": 248.75,
  "pct_network_touched": 2.4875,
  "metadata_total": 499694,
  "metadata_mean_per_node": 49.9694,
  "metadata_gini": 0.6745049526310102
}