{
  "dataset": "code",
  "nodes": 10000,
  "seed": 20235956,
  "k_query": 5,
  "meta_anchors": 5,
  "local_topk": 30,
  "use_pq": true,
  "n_query": 100,
  "reachable_hit5": 85.0,
  "returned_hit5": 85.0,
  "final_hit5": 85.0,
  "reachable_recall5": 36.39999999999997,
  "returned_recall5": 36.39999999999997,
  "recall5": 36.199999999999974,
  "recall10": 33.29999999999998,
  "mean_unique_candidates": 210.9,
  "mean_nodes_touched": 24.97,
  "pct_network_touched": 0.2497,
  "metadata_total": 499694,
  "metadata_mean_per_node": 49.9694,
  "metadata_gini": 0.6745049526310102
}