{
  "dataset": "code",
  "nodes": 10000,
  "seed": 20235956,
  "k_query": 100,
  "meta_anchors": 5,
  "local_topk": 30,
  "use_pq": true,
  "n_query": 100,
  "reachable_hit5": 100.0,
  "returned_hit5": 100.0,
  "final_hit5": 100.0,
  "reachable_recall5": 68.99999999999997,
  "returned_recall5": 68.99999999999997,
  "recall5": 64.79999999999997,
  "recall10": 65.2,
  "mean_unique_candidates": 2344.19,
  "mean_nodes_touched": 494.0,
  "pct_network_touched": 4.94,
  "metadata_total": 499694,
  "metadata_mean_per_node": 49.9694,
  "metadata_gini": 0.6745049526310102
}