{
  "dataset": "code",
  "nodes": 10000,
  "seed": 20235956,
  "k_query": 100,
  "meta_anchors": 1,
  "random_routing": true,
  "local_topk": 30,
  "use_pq": true,
  "n_query": 100,
  "reachable_hit5": 73.0,
  "returned_hit5": 73.0,
  "final_hit5": 73.0,
  "reachable_recall5": 20.99999999999998,
  "returned_recall5": 20.99999999999998,
  "recall5": 20.99999999999998,
  "recall10": 20.400000000000006,
  "mean_unique_candidates": 2914.71,
  "mean_nodes_touched": 500.0,
  "pct_network_touched": 5.0,
  "metadata_total": 99985,
  "metadata_mean_per_node": 9.9985,
  "metadata_gini": 0.7815566284942741
}