{
  "dataset": "code",
  "nodes": 10000,
  "seed": 20235956,
  "k_query": 20,
  "meta_anchors": 5,
  "random_routing": true,
  "local_topk": 30,
  "use_pq": true,
  "n_query": 100,
  "reachable_hit5": 69.0,
  "returned_hit5": 69.0,
  "final_hit5": 69.0,
  "reachable_recall5": 21.999999999999986,
  "returned_recall5": 21.999999999999986,
  "recall5": 21.999999999999986,
  "recall10": 24.199999999999996,
  "mean_unique_candidates": 1743.68,
  "mean_nodes_touched": 100.0,
  "pct_network_touched": 1.0,
  "metadata_total": 499694,
  "metadata_mean_per_node": 49.9694,
  "metadata_gini": 0.6745049526310102
}