{
  "dataset": "code",
  "nodes": 10000,
  "seed": 20235956,
  "k_query": 50,
  "meta_anchors": 1,
  "random_routing": false,
  "local_topk": 30,
  "use_pq": true,
  "n_query": 100,
  "reachable_hit5": 98.0,
  "returned_hit5": 98.0,
  "final_hit5": 98.0,
  "reachable_recall5": 54.19999999999999,
  "returned_recall5": 54.19999999999999,
  "recall5": 52.99999999999999,
  "recall10": 51.2,
  "mean_unique_candidates": 2092.97,
  "mean_nodes_touched": 248.75,
  "pct_network_touched": 2.4875,
  "metadata_total": 99985,
  "metadata_mean_per_node": 9.9985,
  "metadata_gini": 0.7815566284942741
}