{
  "dataset": "code",
  "nodes": 10000,
  "seed": 20235956,
  "k_query": 100,
  "meta_anchors": 1,
  "random_routing": false,
  "local_topk": 30,
  "use_pq": true,
  "n_query": 100,
  "reachable_hit5": 100.0,
  "returned_hit5": 100.0,
  "final_hit5": 100.0,
  "reachable_recall5": 68.79999999999997,
  "returned_recall5": 68.79999999999997,
  "recall5": 64.59999999999998,
  "recall10": 65.00000000000001,
  "mean_unique_candidates": 3593.92,
  "mean_nodes_touched": 494.0,
  "pct_network_touched": 4.94,
  "metadata_total": 99985,
  "metadata_mean_per_node": 9.9985,
  "metadata_gini": 0.7815566284942741
}