{
  "dataset": "code",
  "nodes": 10000,
  "seed": 20235956,
  "k_query": 10,
  "meta_anchors": 5,
  "local_topk": 30,
  "use_pq": true,
  "n_query": 100,
  "reachable_hit5": 89.0,
  "returned_hit5": 89.0,
  "final_hit5": 89.0,
  "reachable_recall5": 40.39999999999998,
  "returned_recall5": 40.39999999999998,
  "recall5": 40.199999999999974,
  "recall10": 37.999999999999986,
  "mean_unique_candidates": 380.92,
  "mean_nodes_touched": 49.94,
  "pct_network_touched": 0.4994,
  "metadata_total": 499694,
  "metadata_mean_per_node": 49.9694,
  "metadata_gini": 0.6745049526310102
}