{
  "dataset": "code",
  "nodes": 10000,
  "seed": 20235956,
  "k_query": 20,
  "meta_anchors": 5,
  "local_topk": 30,
  "use_pq": true,
  "n_query": 100,
  "reachable_hit5": 92.0,
  "returned_hit5": 92.0,
  "final_hit5": 92.0,
  "reachable_recall5": 44.99999999999998,
  "returned_recall5": 44.99999999999998,
  "recall5": 44.399999999999984,
  "recall10": 42.9,
  "mean_unique_candidates": 674.07,
  "mean_nodes_touched": 99.73,
  "pct_network_touched": 0.9973,
  "metadata_total": 499694,
  "metadata_mean_per_node": 49.9694,
  "metadata_gini": 0.6745049526310102
}