{
  "dataset": "code",
  "nodes": 10000,
  "seed": 20235956,
  "k_query": 20,
  "meta_anchors": 1,
  "random_routing": true,
  "multi_probe": 3,
  "local_topk": 30,
  "use_pq": true,
  "n_query": 50,
  "reachable_hit5": 46.0,
  "returned_hit5": 46.0,
  "final_hit5": 46.0,
  "reachable_recall5": 14.000000000000005,
  "returned_recall5": 14.000000000000005,
  "recall5": 14.000000000000005,
  "recall10": 15.399999999999993,
  "mean_unique_candidates": 1804.9,
  "mean_nodes_touched": 300.0,
  "pct_network_touched": 3.0,
  "metadata_total": 99985,
  "metadata_mean_per_node": 9.9985,
  "metadata_gini": 0.7815566284942741
}