{
  "dataset": "code",
  "nodes": 10000,
  "seed": 20235956,
  "k_query": 20,
  "meta_anchors": 10,
  "local_topk": 30,
  "use_pq": true,
  "n_query": 100,
  "reachable_hit5": 92.0,
  "returned_hit5": 92.0,
  "final_hit5": 92.0,
  "reachable_recall5": 45.399999999999984,
  "returned_recall5": 45.399999999999984,
  "recall5": 44.79999999999998,
  "recall10": 43.4,
  "mean_unique_candidates": 455.88,
  "mean_nodes_touched": 99.73,
  "pct_network_touched": 0.9973,
  "metadata_total": 998581,
  "metadata_mean_per_node": 99.8581,
  "metadata_gini": 0.6462656015886543
}