{
  "dataset": "code",
  "nodes": 10000,
  "seed": 20235956,
  "k_query": 20,
  "meta_anchors": 1,
  "random_routing": false,
  "local_topk": 30,
  "use_pq": true,
  "n_query": 100,
  "reachable_hit5": 91.0,
  "returned_hit5": 91.0,
  "final_hit5": 91.0,
  "reachable_recall5": 44.399999999999984,
  "returned_recall5": 44.399999999999984,
  "recall5": 43.799999999999976,
  "recall10": 42.29999999999999,
  "mean_unique_candidates": 1116.26,
  "mean_nodes_touched": 99.73,
  "pct_network_touched": 0.9973,
  "metadata_total": 99985,
  "metadata_mean_per_node": 9.9985,
  "metadata_gini": 0.7815566284942741
}