{
  "dataset": "code",
  "nodes": 10000,
  "seed": 20235956,
  "k_query": 20,
  "meta_anchors": 150,
  "local_topk": 30,
  "use_pq": true,
  "n_query": 100,
  "reachable_hit5": 100.0,
  "returned_hit5": 100.0,
  "final_hit5": 100.0,
  "reachable_recall5": 75.59999999999994,
  "returned_recall5": 75.59999999999994,
  "recall5": 69.99999999999997,
  "recall10": 71.0,
  "mean_unique_candidates": 131.38,
  "mean_nodes_touched": 99.73,
  "pct_network_touched": 0.9973,
  "metadata_total": 14772943,
  "metadata_mean_per_node": 1477.2943,
  "metadata_gini": 0.35615705138102816
}