{
  "dataset": "scifact",
  "nodes": 10000,
  "seed": 20235956,
  "k_query": 100,
  "meta_anchors": 1,
  "random_routing": true,
  "local_topk": 30,
  "use_pq": true,
  "n_query": 100,
  "reachable_hit5": 70.0,
  "returned_hit5": 70.0,
  "final_hit5": 70.0,
  "reachable_recall5": 26.19999999999998,
  "returned_recall5": 26.19999999999998,
  "recall5": 25.999999999999982,
  "recall10": 24.399999999999995,
  "mean_unique_candidates": 815.56,
  "mean_nodes_touched": 500.0,
  "pct_network_touched": 5.0,
  "metadata_total": 25894,
  "metadata_mean_per_node": 2.5894,
  "metadata_gini": 0.9054185062176566
}