{
  "dataset": "code",
  "nodes": 10000,
  "seed": 20235956,
  "k_query": 300,
  "meta_anchors": 1,
  "random_routing": false,
  "local_topk": 30,
  "use_pq": true,
  "n_query": 100,
  "reachable_hit5": 100.0,
  "returned_hit5": 100.0,
  "final_hit5": 100.0,
  "reachable_recall5": 86.79999999999994,
  "returned_recall5": 86.79999999999994,
  "recall5": 77.9999999999999,
  "recall10": 78.29999999999997,
  "mean_unique_candidates": 8075.97,
  "mean_nodes_touched": 1432.49,
  "pct_network_touched": 14.3249,
  "metadata_total": 99985,
  "metadata_mean_per_node": 9.9985,
  "metadata_gini": 0.7815566284942741
}