{
  "dataset": "code",
  "nodes": 10000,
  "seed": 20235956,
  "k_query": 20,
  "meta_anchors": 30,
  "random_routing": true,
  "local_topk": 30,
  "use_pq": true,
  "n_query": 100,
  "reachable_hit5": 100.0,
  "returned_hit5": 100.0,
  "final_hit5": 100.0,
  "reachable_recall5": 79.79999999999994,
  "returned_recall5": 79.79999999999994,
  "recall5": 73.79999999999994,
  "recall10": 76.19999999999997,
  "mean_unique_candidates": 2143.01,
  "mean_nodes_touched": 100.0,
  "pct_network_touched": 1.0,
  "metadata_total": 2989183,
  "metadata_mean_per_node": 298.9183,
  "metadata_gini": 0.5339258207008404
}